CentroidConvex hull 1 - Level 0,64.25381,134.39,91.41634
CentroidConvex hull 23 - Level 1,106.0244,189.9078,92.07281
CentroidConvex hull 247 - Level 2,100.9837,242.3312,87.53642
CentroidConvex hull 242 - Level 2,90.19511,242.5848,95.62811
CentroidConvex hull 241 - Level 2,112.7927,240.7433,88.70999
CentroidConvex hull 248 - Level 2,103.5655,240.8287,102.4049
CentroidConvex hull 245 - Level 2,114.4606,240.1609,74.64433
CentroidConvex hull 246 - Level 2,124.0335,238.1125,92.84071
CentroidConvex hull 243 - Level 2,118.9359,236.6084,110.2921
CentroidConvex hull 244 - Level 2,125.6441,236.9389,77.12675
CentroidConvex hull 240 - Level 2,131.4268,234.0516,105.6592
CentroidConvex hull 249 - Level 2,137.2654,233.4803,94.31991
CentroidConvex hull 29 - Level 1,82.68819,193.8602,60.20012
CentroidConvex hull 301 - Level 2,72.10448,243.6764,69.87782
CentroidConvex hull 308 - Level 2,84.54408,243.7267,61.39368
CentroidConvex hull 303 - Level 2,93.3147,242.5155,55.29955
CentroidConvex hull 305 - Level 2,68.54354,244.4944,57.37492
CentroidConvex hull 302 - Level 2,79.05756,243.9728,46.93745
CentroidConvex hull 306 - Level 2,104.5584,239.7847,49.23676
CentroidConvex hull 307 - Level 2,66.11651,243.3138,40.58449
CentroidConvex hull 300 - Level 2,92.41468,241.8119,37.38409
CentroidConvex hull 309 - Level 2,74.56615,241.8226,34.29324
CentroidConvex hull 304 - Level 2,84.13635,239.438,25.60756
CentroidConvex hull 27 - Level 1,85.48684,185.1927,125.6957
CentroidConvex hull 283 - Level 2,85.89053,237.4961,126.9238
CentroidConvex hull 287 - Level 2,72.59037,237.0953,130.5323
CentroidConvex hull 284 - Level 2,104.5422,231.6258,137.1768
CentroidConvex hull 281 - Level 2,96.73008,229.9719,146.3974
CentroidConvex hull 288 - Level 2,84.04586,232.5262,144.7345
CentroidConvex hull 282 - Level 2,69.01804,233.9561,143.3284
CentroidConvex hull 286 - Level 2,79.20239,230.063,152.8
CentroidConvex hull 280 - Level 2,85.48155,223.4051,163.0027
CentroidConvex hull 289 - Level 2,64.99221,230.3432,151.2794
CentroidConvex hull 285 - Level 2,73.83771,225.8087,160.7623
CentroidConvex hull 20 - Level 1,47.33153,188.1959,104.3153
CentroidConvex hull 212 - Level 2,53.78548,239.0197,109.7238
CentroidConvex hull 219 - Level 2,50.75686,240.3352,98.46095
CentroidConvex hull 215 - Level 2,40.79117,238.4557,104.5185
CentroidConvex hull 216 - Level 2,40.20077,236.2015,118.4596
CentroidConvex hull 211 - Level 2,31.35098,237.8497,98.37477
CentroidConvex hull 210 - Level 2,38.3749,232.8269,131.1874
CentroidConvex hull 217 - Level 2,26.4356,233.7419,119.8992
CentroidConvex hull 218 - Level 2,20.94508,234.3726,103.079
CentroidConvex hull 213 - Level 2,12.00027,229.3639,112.052
CentroidConvex hull 214 - Level 2,20.01123,228.6151,129.1096
CentroidConvex hull 21 - Level 1,44.25665,190.3443,62.4705
CentroidConvex hull 220 - Level 2,44.56439,240.9514,63.41014
CentroidConvex hull 225 - Level 2,36.21662,239.7003,69.81654
CentroidConvex hull 229 - Level 2,36.18163,239.5791,53.20985
CentroidConvex hull 222 - Level 2,23.32883,236.7852,67.6231
CentroidConvex hull 227 - Level 2,40.08549,238.2858,40.04214
CentroidConvex hull 221 - Level 2,21.30771,235.601,48.08386
CentroidConvex hull 223 - Level 2,28.67872,236.9602,42.41257
CentroidConvex hull 226 - Level 2,12.791,233.4173,63.72818
CentroidConvex hull 228 - Level 2,25.09169,233.7585,35.44038
CentroidConvex hull 224 - Level 2,8.877289,231.6128,51.49295
CentroidConvex hull 25 - Level 1,58.7262,179.0321,22.69498
CentroidConvex hull 264 - Level 2,44.66105,232.8052,16.10271
CentroidConvex hull 261 - Level 2,50.92989,229.8836,8.033554
CentroidConvex hull 268 - Level 2,63.41419,227.7691,3.51786
CentroidConvex hull 263 - Level 2,35.13455,225.0263,5.343475
CentroidConvex hull 262 - Level 2,63.25005,219.9103,-5.25811
CentroidConvex hull 267 - Level 2,49.89668,219.9854,-3.358963
CentroidConvex hull 260 - Level 2,36.18184,216.5521,-4.732849
CentroidConvex hull 266 - Level 2,48.79488,207.8539,-12.87235
CentroidConvex hull 265 - Level 2,27.17959,210.6103,-14.62534
CentroidConvex hull 269 - Level 2,39.06854,208.0108,-14.31011
CentroidConvex hull 26 - Level 1,48.91333,168.0316,150.4076
CentroidConvex hull 274 - Level 2,48.36418,216.1802,171.8698
CentroidConvex hull 278 - Level 2,38.53167,219.0983,164.2885
CentroidConvex hull 273 - Level 2,24.27148,214.3084,164.8465
CentroidConvex hull 270 - Level 2,57.72938,211.0026,180.6745
CentroidConvex hull 277 - Level 2,36.73211,210.2004,177.2278
CentroidConvex hull 279 - Level 2,51.14421,205.8601,185.9244
CentroidConvex hull 275 - Level 2,45.03285,199.9673,190.8219
CentroidConvex hull 271 - Level 2,18.90604,204.025,175.7048
CentroidConvex hull 272 - Level 2,29.61034,197.5987,188.0074
CentroidConvex hull 276 - Level 2,15.37197,194.9307,183.1903
CentroidConvex hull 22 - Level 1,6.307831,172.9972,84.55797
CentroidConvex hull 236 - Level 2,-11.09861,220.1549,94.78751
CentroidConvex hull 234 - Level 2,-11.93255,221.1865,82.59982
CentroidConvex hull 230 - Level 2,-14.95377,220.0302,69.23782
CentroidConvex hull 237 - Level 2,-22.44766,214.9562,89.64664
CentroidConvex hull 231 - Level 2,-25.13206,210.2928,102.159
CentroidConvex hull 239 - Level 2,-26.08617,212.7515,73.72615
CentroidConvex hull 238 - Level 2,-27.03673,211.8288,61.63474
CentroidConvex hull 235 - Level 2,-37.84543,201.1325,96.33996
CentroidConvex hull 232 - Level 2,-36.55547,204.5033,81.00327
CentroidConvex hull 233 - Level 2,-37.78123,203.9801,61.55489
CentroidConvex hull 28 - Level 1,16.44672,172.8502,34.38354
CentroidConvex hull 298 - Level 2,-0.05226135,219.4561,23.0685
CentroidConvex hull 294 - Level 2,7.919373,221.4201,17.85368
CentroidConvex hull 292 - Level 2,-8.695686,217.7277,31.42622
CentroidConvex hull 299 - Level 2,-18.37379,211.9311,31.96285
CentroidConvex hull 291 - Level 2,-2.573639,212.9139,9.348419
CentroidConvex hull 290 - Level 2,-18.16865,209.0555,20.10672
CentroidConvex hull 297 - Level 2,1.109909,207.8409,-4.57135
CentroidConvex hull 295 - Level 2,-30.69631,202.3616,28.053
CentroidConvex hull 296 - Level 2,-22.60065,203.0037,11.02753
CentroidConvex hull 293 - Level 2,-13.35513,203.5156,-1.568329
CentroidConvex hull 24 - Level 1,9.559143,161.4134,127.4117
CentroidConvex hull 256 - Level 2,-4.334984,210.3448,143.1581
CentroidConvex hull 252 - Level 2,-13.61697,210.8483,130.6127
CentroidConvex hull 251 - Level 2,-13.06087,201.4512,149.7734
CentroidConvex hull 257 - Level 2,-23.44303,202.4238,133.5667
CentroidConvex hull 254 - Level 2,-8.382149,196.7321,161.9241
CentroidConvex hull 259 - Level 2,-26.49644,194.3466,143.7388
CentroidConvex hull 250 - Level 2,-37.27827,192.0343,129.3214
CentroidConvex hull 255 - Level 2,-15.70615,188.4977,164.2539
CentroidConvex hull 253 - Level 2,-25.72243,185.146,156.8249
CentroidConvex hull 258 - Level 2,-36.30362,184.1145,144.2637
CentroidConvex hull 8 - Level 0,118.9649,114.3854,48.7538
CentroidConvex hull 91 - Level 1,126.8155,181.8965,44.38228
CentroidConvex hull 924 - Level 2,139.9095,229.9709,53.07184
CentroidConvex hull 923 - Level 2,130.2013,233.4092,34.60825
CentroidConvex hull 927 - Level 2,123.226,233.7854,23.86721
CentroidConvex hull 926 - Level 2,142.123,228.4866,30.84885
CentroidConvex hull 921 - Level 2,149.273,226.1132,45.32504
CentroidConvex hull 920 - Level 2,132.2307,230.2266,21.43817
CentroidConvex hull 928 - Level 2,154.2503,223.191,35.01897
CentroidConvex hull 929 - Level 2,144.9633,222.5038,15.2589
CentroidConvex hull 922 - Level 2,153.7555,220.373,20.55718
CentroidConvex hull 925 - Level 2,162.814,218.0515,29.76871
CentroidConvex hull 98 - Level 1,152.6075,173.7397,74.21621
CentroidConvex hull 997 - Level 2,169.9285,220.2766,67.2853
CentroidConvex hull 994 - Level 2,165.5174,222.2255,85.46077
CentroidConvex hull 991 - Level 2,178.338,217.0987,80.16276
CentroidConvex hull 993 - Level 2,180.475,212.7575,50.56987
CentroidConvex hull 995 - Level 2,182.7962,213.3177,64.82571
CentroidConvex hull 996 - Level 2,188.787,211.8657,84.01727
CentroidConvex hull 990 - Level 2,192.9237,205.6289,54.55796
CentroidConvex hull 999 - Level 2,195.7155,207.003,66.19715
CentroidConvex hull 998 - Level 2,202.2665,205.2216,72.32204
CentroidConvex hull 992 - Level 2,201.7739,205.2603,84.89927
CentroidConvex hull 94 - Level 1,110.2786,173.5009,15.68011
CentroidConvex hull 959 - Level 2,107.9619,228.3566,3.958015
CentroidConvex hull 958 - Level 2,99.8307,223.7411,-3.350365
CentroidConvex hull 951 - Level 2,114.1586,222.6373,-3.269165
CentroidConvex hull 955 - Level 2,127.3451,219.1195,-5.366272
CentroidConvex hull 953 - Level 2,94.381,217.097,-11.48123
CentroidConvex hull 957 - Level 2,106.9992,213.3736,-14.89127
CentroidConvex hull 956 - Level 2,122.4486,211.1841,-17.48788
CentroidConvex hull 952 - Level 2,140.5346,210.1848,-10.67823
CentroidConvex hull 950 - Level 2,114.6658,202.9537,-24.74788
CentroidConvex hull 954 - Level 2,131.3401,201.2429,-25.75016
CentroidConvex hull 96 - Level 1,85.01421,147.0024,-2.566238
CentroidConvex hull 972 - Level 2,68.11835,194.3875,-27.74242
CentroidConvex hull 978 - Level 2,83.32578,196.9734,-28.95123
CentroidConvex hull 975 - Level 2,76.13486,183.1996,-33.36138
CentroidConvex hull 977 - Level 2,90.42895,180.347,-38.48781
CentroidConvex hull 973 - Level 2,97.42627,187.5077,-37.49868
CentroidConvex hull 976 - Level 2,63.85425,183.3248,-41.43805
CentroidConvex hull 979 - Level 2,110.3896,182.3263,-45.01501
CentroidConvex hull 971 - Level 2,79.04124,168.6936,-44.71943
CentroidConvex hull 970 - Level 2,106.8484,169.5567,-49.89603
CentroidConvex hull 974 - Level 2,92.60828,162.1819,-46.70805
CentroidConvex hull 99 - Level 1,161.5307,154.9274,27.11978
CentroidConvex hull 1002 - Level 2,176.5897,198.1873,-0.387146
CentroidConvex hull 1005 - Level 2,179.2039,201.7043,11.32625
CentroidConvex hull 1000 - Level 2,189.4163,196.9688,17.6899
CentroidConvex hull 1004 - Level 2,172.0197,193.7691,-12.62184
CentroidConvex hull 1006 - Level 2,199.1641,189.1768,21.02109
CentroidConvex hull 1007 - Level 2,182.8098,187.2462,-12.12807
CentroidConvex hull 1009 - Level 2,193.884,186.4694,2.871429
CentroidConvex hull 1001 - Level 2,192.4107,177.0527,-11.6689
CentroidConvex hull 1003 - Level 2,206.8299,177.4715,9.387062
CentroidConvex hull 1008 - Level 2,201.2298,171.7929,-7.20079
CentroidConvex hull 92 - Level 1,194.7387,144.6131,61.25105
CentroidConvex hull 933 - Level 2,218.2492,182.7491,45.54535
CentroidConvex hull 939 - Level 2,228.7614,182.5247,57.68743
CentroidConvex hull 934 - Level 2,227.5074,184.6635,74.53589
CentroidConvex hull 932 - Level 2,227.9536,175.6306,41.14281
CentroidConvex hull 935 - Level 2,242.8736,173.4729,60.6583
CentroidConvex hull 931 - Level 2,238.9576,177.239,73.93633
CentroidConvex hull 937 - Level 2,231.2074,166.2183,33.06581
CentroidConvex hull 936 - Level 2,237.5995,171.9658,44.70681
CentroidConvex hull 930 - Level 2,246.9709,165.2674,50.91286
CentroidConvex hull 938 - Level 2,245.2646,152.8362,38.97656
CentroidConvex hull 90 - Level 1,141.2287,133.6616,-6.06691
CentroidConvex hull 911 - Level 2,146.2786,172.9215,-44.71004
CentroidConvex hull 914 - Level 2,161.8884,177.6187,-37.34275
CentroidConvex hull 919 - Level 2,163.659,164.223,-42.57437
CentroidConvex hull 912 - Level 2,176.2971,165.0058,-36.30955
CentroidConvex hull 915 - Level 2,146.1441,160.2103,-50.14073
CentroidConvex hull 913 - Level 2,159.843,151.8029,-48.033
CentroidConvex hull 917 - Level 2,185.1006,154.0274,-35.51236
CentroidConvex hull 918 - Level 2,150.4289,146.4735,-53.19054
CentroidConvex hull 910 - Level 2,179.0586,142.7492,-40.71643
CentroidConvex hull 916 - Level 2,167.4681,137.5267,-46.80577
CentroidConvex hull 97 - Level 1,182.7024,112.8831,22.3486
CentroidConvex hull 983 - Level 2,220.8393,144.2995,-4.325012
CentroidConvex hull 986 - Level 2,226.2715,145.9226,6.590698
CentroidConvex hull 988 - Level 2,212.8494,141.2459,-16.59255
CentroidConvex hull 989 - Level 2,232.0056,138.2552,9.894012
CentroidConvex hull 984 - Level 2,210.7746,126.0588,-15.89598
CentroidConvex hull 981 - Level 2,223.1472,126.7573,0.0929718
CentroidConvex hull 980 - Level 2,240.1595,130.2357,14.53734
CentroidConvex hull 987 - Level 2,234.3086,117.7258,8.065399
CentroidConvex hull 982 - Level 2,218.4009,113.6493,-0.0855484
CentroidConvex hull 985 - Level 2,231.2445,99.77411,6.142593
CentroidConvex hull 93 - Level 1,114.4294,100.7119,-14.26215
CentroidConvex hull 941 - Level 2,112.1454,124.5853,-62.45792
CentroidConvex hull 946 - Level 2,128.4949,133.4323,-62.04912
CentroidConvex hull 943 - Level 2,127.208,114.5295,-60.19293
CentroidConvex hull 949 - Level 2,140.5982,122.3023,-61.07385
CentroidConvex hull 944 - Level 2,150.4004,116.9353,-56.3054
CentroidConvex hull 947 - Level 2,118.4957,103.3125,-68.58673
CentroidConvex hull 942 - Level 2,145.6681,107.3821,-52.8503
CentroidConvex hull 948 - Level 2,135.2626,100.5176,-55.85176
CentroidConvex hull 940 - Level 2,127.5464,93.33326,-63.17271
CentroidConvex hull 945 - Level 2,138.4993,91.3456,-51.91356
CentroidConvex hull 95 - Level 1,154.4683,83.82511,10.52329
CentroidConvex hull 967 - Level 2,189.803,107.9174,-35.24071
CentroidConvex hull 968 - Level 2,180.206,97.64945,-33.15001
CentroidConvex hull 963 - Level 2,192.1744,96.6414,-22.52258
CentroidConvex hull 962 - Level 2,205.9561,94.60779,-11.6249
CentroidConvex hull 961 - Level 2,171.1471,91.34361,-35.41496
CentroidConvex hull 969 - Level 2,181.6448,83.26095,-26.78555
CentroidConvex hull 960 - Level 2,190.4615,81.22808,-18.26176
CentroidConvex hull 964 - Level 2,201.5388,80.96764,-9.637161
CentroidConvex hull 966 - Level 2,167.742,80.75722,-34.66964
CentroidConvex hull 965 - Level 2,217.0665,78.72639,-7.461624
CentroidConvex hull 2 - Level 0,121.6737,105.2509,128.6654
CentroidConvex hull 30 - Level 1,141.6375,173.0536,120.4015
CentroidConvex hull 316 - Level 2,156.9287,221.297,123.7308
CentroidConvex hull 311 - Level 2,147.0418,222.0922,133.8164
CentroidConvex hull 314 - Level 2,168.6357,217.8525,118.106
CentroidConvex hull 317 - Level 2,147.3767,218.691,144.8095
CentroidConvex hull 319 - Level 2,161.7794,215.992,137.2618
CentroidConvex hull 318 - Level 2,179.2766,213.6285,117.1053
CentroidConvex hull 312 - Level 2,176.2281,212.2665,129.578
CentroidConvex hull 313 - Level 2,159.1567,211.5384,152.2408
CentroidConvex hull 315 - Level 2,180.3848,207.0978,137.3077
CentroidConvex hull 310 - Level 2,172.0639,206.8401,148.7888
CentroidConvex hull 38 - Level 1,112.3309,169.0806,149.0906
CentroidConvex hull 393 - Level 2,120.7772,218.9256,161.2623
CentroidConvex hull 390 - Level 2,107.0813,214.1803,174.623
CentroidConvex hull 395 - Level 2,132.1316,212.5561,169.0331
CentroidConvex hull 396 - Level 2,118.4987,211.4574,175.9234
CentroidConvex hull 391 - Level 2,138.1583,206.5132,176.337
CentroidConvex hull 399 - Level 2,106.3779,206.3761,185.654
CentroidConvex hull 397 - Level 2,127.2534,202.6933,185.2737
CentroidConvex hull 392 - Level 2,118.274,201.3992,188.7353
CentroidConvex hull 398 - Level 2,135.8907,199.3026,187.2239
CentroidConvex hull 394 - Level 2,126.5577,194.0985,195.467
CentroidConvex hull 32 - Level 1,90.67583,148.0931,175.2884
CentroidConvex hull 335 - Level 2,82.71832,195.8788,199.9185
CentroidConvex hull 332 - Level 2,93.18397,188.1911,207.0526
CentroidConvex hull 334 - Level 2,103.6531,182.8568,211.279
CentroidConvex hull 331 - Level 2,80.33426,182.901,211.9979
CentroidConvex hull 339 - Level 2,69.71002,181.2669,212.5501
CentroidConvex hull 337 - Level 2,117.3209,174.4015,216.5921
CentroidConvex hull 338 - Level 2,92.97533,170.7762,221.0994
CentroidConvex hull 336 - Level 2,80.8259,172.1019,220.0028
CentroidConvex hull 330 - Level 2,106.7261,170.5929,220.7473
CentroidConvex hull 333 - Level 2,81.74962,161.1549,226.6167
CentroidConvex hull 37 - Level 1,182.278,152.0034,116.3467
CentroidConvex hull 384 - Level 2,205.5322,196.1033,114.6747
CentroidConvex hull 389 - Level 2,207.114,192.1078,127.3015
CentroidConvex hull 388 - Level 2,220.7717,187.5105,111.8247
CentroidConvex hull 385 - Level 2,207.3476,184.373,146.1584
CentroidConvex hull 381 - Level 2,216.7018,186.0476,126.8938
CentroidConvex hull 382 - Level 2,220.3479,177.1166,143.263
CentroidConvex hull 383 - Level 2,232.6665,179.7469,114.5712
CentroidConvex hull 387 - Level 2,229.6956,178.1056,125.2953
CentroidConvex hull 380 - Level 2,230.7208,171.315,139.2774
CentroidConvex hull 386 - Level 2,238.8766,170.0548,126.6843
CentroidConvex hull 36 - Level 1,144.0853,148.6998,159.8319
CentroidConvex hull 376 - Level 2,168.0382,191.0126,177.5159
CentroidConvex hull 373 - Level 2,159.081,187.3071,189.0265
CentroidConvex hull 371 - Level 2,182.8355,185.3706,173.5071
CentroidConvex hull 379 - Level 2,174.2873,180.1361,186.9863
CentroidConvex hull 378 - Level 2,150.9034,181.2237,199.9755
CentroidConvex hull 377 - Level 2,186.82,177.2293,182.9829
CentroidConvex hull 374 - Level 2,161.1202,175.9106,199.4395
CentroidConvex hull 375 - Level 2,171.0513,168.6937,199.5242
CentroidConvex hull 370 - Level 2,153.9888,171.4296,207.0884
CentroidConvex hull 372 - Level 2,184.9956,166.8874,194.0657
CentroidConvex hull 33 - Level 1,188.9521,121.3007,152.7314
CentroidConvex hull 342 - Level 2,211.5698,153.979,180.3143
CentroidConvex hull 341 - Level 2,224.1749,153.502,170.227
CentroidConvex hull 349 - Level 2,238.6066,150.5282,157.7487
CentroidConvex hull 346 - Level 2,235.0368,148.2786,165.3765
CentroidConvex hull 348 - Level 2,221.934,144.4975,181.587
CentroidConvex hull 344 - Level 2,233.697,139.6872,175.2034
CentroidConvex hull 343 - Level 2,213.3028,136.9385,192.9586
CentroidConvex hull 347 - Level 2,243.4155,134.8502,169.3658
CentroidConvex hull 340 - Level 2,226.8368,127.6778,189.6336
CentroidConvex hull 345 - Level 2,237.2492,121.7264,183.5313
CentroidConvex hull 35 - Level 1,146.9124,115.0351,183.0757
CentroidConvex hull 369 - Level 2,151.0591,148.8058,222.8532
CentroidConvex hull 361 - Level 2,163.155,147.6675,218.1633
CentroidConvex hull 363 - Level 2,186.759,140.4592,211.6384
CentroidConvex hull 366 - Level 2,175.554,143.3407,215.6663
CentroidConvex hull 368 - Level 2,165.5049,134.041,224.5589
CentroidConvex hull 362 - Level 2,153.7268,132.9539,230.4408
CentroidConvex hull 360 - Level 2,177.7575,131.4111,221.503
CentroidConvex hull 365 - Level 2,189.2003,126.8163,218.1221
CentroidConvex hull 367 - Level 2,177.7771,117.1414,227.4798
CentroidConvex hull 364 - Level 2,163.924,117.4324,232.2243
CentroidConvex hull 39 - Level 1,103.7519,115.0726,194.269
CentroidConvex hull 403 - Level 2,122.8426,147.5519,232.6262
CentroidConvex hull 401 - Level 2,108.6161,145.761,235.0266
CentroidConvex hull 404 - Level 2,94.87087,139.9349,238.1963
CentroidConvex hull 406 - Level 2,124.7227,136.96,237.6613
CentroidConvex hull 407 - Level 2,110.2162,133.8625,240.7046
CentroidConvex hull 408 - Level 2,97.43914,130.4787,242.8765
CentroidConvex hull 409 - Level 2,128.9578,122.5144,242.6981
CentroidConvex hull 400 - Level 2,118.9502,123.6788,243.6755
CentroidConvex hull 402 - Level 2,101.7621,117.5405,247.0357
CentroidConvex hull 405 - Level 2,112.5232,111.2033,247.5958
CentroidConvex hull 34 - Level 1,175.9622,78.50146,179.4523
CentroidConvex hull 355 - Level 2,210.3419,102.4485,212.1898
CentroidConvex hull 352 - Level 2,201.4093,98.87367,218.4713
CentroidConvex hull 351 - Level 2,228.7137,92.72546,203.3422
CentroidConvex hull 358 - Level 2,215.7844,91.89484,212.7223
CentroidConvex hull 359 - Level 2,193.3777,92.57825,223.3994
CentroidConvex hull 356 - Level 2,221.6465,78.24624,211.3614
CentroidConvex hull 353 - Level 2,206.8541,76.29897,219.799
CentroidConvex hull 350 - Level 2,195.1393,79.00928,224.7095
CentroidConvex hull 357 - Level 2,211.6071,61.0788,216.7159
CentroidConvex hull 354 - Level 2,196.5806,61.52026,223.8934
CentroidConvex hull 31 - Level 1,129.6532,75.91886,197.6358
CentroidConvex hull 321 - Level 2,147.4637,94.44752,243.4862
CentroidConvex hull 324 - Level 2,160.7542,88.70999,239.9812
CentroidConvex hull 326 - Level 2,140.43,88.34987,246.097
CentroidConvex hull 328 - Level 2,129.5872,85.22139,247.5529
CentroidConvex hull 327 - Level 2,164.1387,75.76312,239.564
CentroidConvex hull 329 - Level 2,148.3738,78.79979,243.1568
CentroidConvex hull 323 - Level 2,125.6626,76.34621,248.1314
CentroidConvex hull 325 - Level 2,135.2263,67.13432,248.3056
CentroidConvex hull 322 - Level 2,168.8766,62.47619,238.5258
CentroidConvex hull 320 - Level 2,152.065,66.74824,243.6417
CentroidConvex hull 6 - Level 0,51.92121,81.04253,17.66235
CentroidConvex hull 71 - Level 1,19.80009,152.5833,-5.335304
CentroidConvex hull 728 - Level 2,17.12607,191.9061,-34.46478
CentroidConvex hull 724 - Level 2,25.16774,187.5618,-39.83234
CentroidConvex hull 723 - Level 2,-1.539818,190.6897,-32.08771
CentroidConvex hull 720 - Level 2,-18.48544,185.6376,-23.8737
CentroidConvex hull 721 - Level 2,10.26047,183.793,-46.32466
CentroidConvex hull 727 - Level 2,-6.969002,182.1458,-41.5433
CentroidConvex hull 729 - Level 2,-29.71913,175.0507,-25.18921
CentroidConvex hull 725 - Level 2,-22.46827,177.4274,-32.75805
CentroidConvex hull 726 - Level 2,-1.194794,173.6043,-55.08156
CentroidConvex hull 722 - Level 2,-16.38829,173.0049,-45.63228
CentroidConvex hull 75 - Level 1,50.62587,129.8407,-31.63754
CentroidConvex hull 764 - Level 2,44.7177,172.1986,-56.13756
CentroidConvex hull 760 - Level 2,35.41993,169.9613,-65.26497
CentroidConvex hull 767 - Level 2,51.94811,158.1881,-72.08327
CentroidConvex hull 762 - Level 2,61.72054,151.3069,-66.54955
CentroidConvex hull 763 - Level 2,18.56839,157.3591,-75.25389
CentroidConvex hull 769 - Level 2,36.25337,160.9703,-74.21664
CentroidConvex hull 761 - Level 2,35.63477,149.5209,-81.10066
CentroidConvex hull 765 - Level 2,52.5625,141.7194,-80.93633
CentroidConvex hull 766 - Level 2,19.05499,140.6113,-82.4706
CentroidConvex hull 768 - Level 2,33.49474,133.5965,-86.35397
CentroidConvex hull 79 - Level 1,-0.5714722,120.4771,-17.10517
CentroidConvex hull 802 - Level 2,-42.64964,149.6147,-33.9004
CentroidConvex hull 807 - Level 2,-35.91405,148.0428,-44.16075
CentroidConvex hull 800 - Level 2,-26.79406,151.2993,-52.51439
CentroidConvex hull 809 - Level 2,-13.20076,147.5913,-64.30202
CentroidConvex hull 803 - Level 2,-16.78571,139.1387,-66.61928
CentroidConvex hull 805 - Level 2,-48.11824,131.4333,-38.10246
CentroidConvex hull 804 - Level 2,-41.5675,128.1101,-49.45151
CentroidConvex hull 801 - Level 2,-30.58771,134.539,-58.58034
CentroidConvex hull 808 - Level 2,-16.9138,127.5138,-69.48828
CentroidConvex hull 806 - Level 2,-31.45844,119.3309,-61.60689
CentroidConvex hull 78 - Level 1,87.00446,83.96249,-33.24524
CentroidConvex hull 792 - Level 2,87.92413,112.2115,-74.91167
CentroidConvex hull 795 - Level 2,79.75024,111.9412,-83.2159
CentroidConvex hull 790 - Level 2,83.34938,93.34944,-89.50368
CentroidConvex hull 799 - Level 2,90.5046,94.6281,-83.05821
CentroidConvex hull 794 - Level 2,100.9004,89.2393,-76.82841
CentroidConvex hull 793 - Level 2,96.83038,79.31907,-81.76674
CentroidConvex hull 798 - Level 2,87.33251,76.60239,-90.36282
CentroidConvex hull 797 - Level 2,98.93723,67.76741,-77.79349
CentroidConvex hull 796 - Level 2,86.47388,64.08206,-86.43614
CentroidConvex hull 791 - Level 2,88.95086,57.52067,-79.69865
CentroidConvex hull 72 - Level 1,62.02049,80.91088,-46.00415
CentroidConvex hull 733 - Level 2,57.75528,107.5018,-90.66907
CentroidConvex hull 739 - Level 2,41.64711,104.1069,-94.25478
CentroidConvex hull 731 - Level 2,46.59085,94.43553,-96.0627
CentroidConvex hull 736 - Level 2,60.75997,93.44847,-93.98706
CentroidConvex hull 735 - Level 2,36.86826,86.98679,-95.92038
CentroidConvex hull 732 - Level 2,69.66296,80.16579,-94.5822
CentroidConvex hull 738 - Level 2,42.27053,76.91946,-96.73457
CentroidConvex hull 734 - Level 2,53.17521,70.76403,-96.99962
CentroidConvex hull 737 - Level 2,62.67261,65.41105,-95.52219
CentroidConvex hull 730 - Level 2,40.52287,64.13009,-96.22395
CentroidConvex hull 74 - Level 1,-14.23778,81.07909,-10.08589
CentroidConvex hull 750 - Level 2,-58.82091,105.3964,-33.69441
CentroidConvex hull 755 - Level 2,-54.1333,98.67039,-42.55978
CentroidConvex hull 757 - Level 2,-44.57626,97.79393,-54.11125
CentroidConvex hull 756 - Level 2,-59.7038,91.21265,-35.26854
CentroidConvex hull 753 - Level 2,-50.55789,84.67405,-45.92351
CentroidConvex hull 758 - Level 2,-39.20131,85.51736,-55.894
CentroidConvex hull 754 - Level 2,-58.72672,81.23679,-34.30683
CentroidConvex hull 759 - Level 2,-60.43401,70.81802,-30.79008
CentroidConvex hull 752 - Level 2,-51.63565,71.4197,-42.16533
CentroidConvex hull 751 - Level 2,-42.37617,71.71712,-52.36043
CentroidConvex hull 70 - Level 1,21.55025,75.02743,-36.60693
CentroidConvex hull 714 - Level 2,-0.8444901,103.693,-83.41905
CentroidConvex hull 712 - Level 2,11.09744,96.01013,-87.27687
CentroidConvex hull 717 - Level 2,-12.52789,91.0154,-75.94438
CentroidConvex hull 710 - Level 2,0.2940445,83.67827,-81.42171
CentroidConvex hull 713 - Level 2,-15.92661,75.26616,-71.22591
CentroidConvex hull 719 - Level 2,11.83274,72.02171,-86.6674
CentroidConvex hull 715 - Level 2,-0.2417526,69.25714,-80.17221
CentroidConvex hull 718 - Level 2,-15.85567,60.12802,-71.70663
CentroidConvex hull 716 - Level 2,13.01318,58.51965,-87.06244
CentroidConvex hull 711 - Level 2,-2.418182,55.68284,-79.84189
CentroidConvex hull 77 - Level 1,-8.59594,37.17685,-8.475029
CentroidConvex hull 788 - Level 2,-54.10762,40.34688,-34.14325
CentroidConvex hull 781 - Level 2,-46.07945,37.59906,-46.48976
CentroidConvex hull 784 - Level 2,-34.05286,35.71231,-57.07475
CentroidConvex hull 785 - Level 2,-58.62308,35.03323,-25.96625
CentroidConvex hull 782 - Level 2,-57.78886,23.59177,-23.0094
CentroidConvex hull 789 - Level 2,-51.11409,19.93724,-30.39939
CentroidConvex hull 780 - Level 2,-44.52271,18.49912,-39.79472
CentroidConvex hull 783 - Level 2,-34.4086,22.39872,-54.01591
CentroidConvex hull 787 - Level 2,-35.73703,6.551491,-44.10763
CentroidConvex hull 786 - Level 2,-42.90004,4.22065,-32.22414
CentroidConvex hull 76 - Level 1,56.05525,35.11609,-36.8284
CentroidConvex hull 776 - Level 2,31.51766,34.14527,-89.62407
CentroidConvex hull 778 - Level 2,47.56226,36.80054,-92.47545
CentroidConvex hull 772 - Level 2,59.1878,30.44577,-86.02147
CentroidConvex hull 773 - Level 2,43.18616,27.80801,-88.73924
CentroidConvex hull 775 - Level 2,69.41872,28.6811,-76.24446
CentroidConvex hull 771 - Level 2,31.28052,19.20819,-86.23412
CentroidConvex hull 779 - Level 2,46.91375,13.87285,-83.5356
CentroidConvex hull 777 - Level 2,62.86366,16.54922,-76.28844
CentroidConvex hull 774 - Level 2,40.13374,-0.9293976,-75.5623
CentroidConvex hull 770 - Level 2,54.29724,2.883415,-74.1187
CentroidConvex hull 73 - Level 1,21.71243,21.05859,-24.44091
CentroidConvex hull 742 - Level 2,-9.315964,21.91863,-70.69116
CentroidConvex hull 745 - Level 2,3.926582,22.33114,-77.86531
CentroidConvex hull 744 - Level 2,-10.53508,5.448524,-64.76106
CentroidConvex hull 747 - Level 2,4.333214,10.21381,-74.00543
CentroidConvex hull 740 - Level 2,12.93501,2.70771,-73.13705
CentroidConvex hull 741 - Level 2,-14.59473,-7.888847,-53.43227
CentroidConvex hull 749 - Level 2,2.200104,-7.134415,-63.71852
CentroidConvex hull 743 - Level 2,15.99016,-7.644966,-67.03847
CentroidConvex hull 746 - Level 2,-2.934135,-16.28118,-53.64948
CentroidConvex hull 748 - Level 2,17.28803,-17.01716,-57.36189
CentroidConvex hull 3 - Level 0,51.54169,72.97067,135.276
CentroidConvex hull 44 - Level 1,49.20306,130.1619,181.3852
CentroidConvex hull 458 - Level 2,42.01736,173.5873,213.3096
CentroidConvex hull 455 - Level 2,27.26021,171.0453,210.4228
CentroidConvex hull 459 - Level 2,49.60502,160.0337,223.7539
CentroidConvex hull 451 - Level 2,38.09554,161.0912,220.5771
CentroidConvex hull 452 - Level 2,23.39588,158.8036,216.9218
CentroidConvex hull 454 - Level 2,59.31593,142.461,234.3977
CentroidConvex hull 453 - Level 2,46.28424,148.4346,229.3038
CentroidConvex hull 450 - Level 2,32.77203,146.0541,227.0454
CentroidConvex hull 456 - Level 2,20.03625,147.4862,221.5323
CentroidConvex hull 457 - Level 2,43.58099,137.4364,233.7659
CentroidConvex hull 45 - Level 1,9.74369,130.2811,159.2681
CentroidConvex hull 461 - Level 2,-3.820976,166.2642,196.0014
CentroidConvex hull 464 - Level 2,-18.00468,166.0311,185.9587
CentroidConvex hull 463 - Level 2,-32.27661,159.1552,176.6553
CentroidConvex hull 466 - Level 2,-13.08753,154.3551,197.9176
CentroidConvex hull 460 - Level 2,-41.37,152.0251,171.2131
CentroidConvex hull 468 - Level 2,-28.33795,148.4588,189.3682
CentroidConvex hull 469 - Level 2,-13.85818,141.2226,205.2313
CentroidConvex hull 462 - Level 2,-22.42159,143.6404,197.5858
CentroidConvex hull 467 - Level 2,-37.98625,143.1064,181.9245
CentroidConvex hull 465 - Level 2,-25.28023,134.7419,199.6884
CentroidConvex hull 40 - Level 1,33.35421,95.66379,188.3327
CentroidConvex hull 417 - Level 2,14.30473,120.0438,230.3454
CentroidConvex hull 410 - Level 2,1.941772,118.9735,224.5379
CentroidConvex hull 416 - Level 2,31.41477,110.3768,239.7327
CentroidConvex hull 414 - Level 2,18.23829,109.5682,235.4499
CentroidConvex hull 415 - Level 2,-4.867233,110.3668,223.3756
CentroidConvex hull 418 - Level 2,10.2924,100.991,233.9436
CentroidConvex hull 411 - Level 2,26.92359,98.39804,240.7824
CentroidConvex hull 412 - Level 2,-0.2001343,94.29848,227.9244
CentroidConvex hull 413 - Level 2,25.4884,87.11502,241.3823
CentroidConvex hull 419 - Level 2,14.0225,87.18818,236.7235
CentroidConvex hull 43 - Level 1,-8.17968,94.84048,156.674
CentroidConvex hull 441 - Level 2,-52.48721,119.7461,176.4587
CentroidConvex hull 448 - Level 2,-42.48622,118.0912,189.1475
CentroidConvex hull 444 - Level 2,-33.52166,112.0002,200.4643
CentroidConvex hull 446 - Level 2,-42.25015,103.5985,193.361
CentroidConvex hull 442 - Level 2,-50.59785,102.4553,184.4614
CentroidConvex hull 449 - Level 2,-58.70692,106.3976,173.0488
CentroidConvex hull 440 - Level 2,-34.44495,96.30988,201.5022
CentroidConvex hull 443 - Level 2,-59.54578,94.70157,172.4246
CentroidConvex hull 445 - Level 2,-41.83182,84.8391,195.6635
CentroidConvex hull 447 - Level 2,-50.9668,87.8158,184.107
CentroidConvex hull 46 - Level 1,79.59984,77.0218,202.0194
CentroidConvex hull 475 - Level 2,73.03526,105.8593,248.3813
CentroidConvex hull 479 - Level 2,81.33342,97.25359,251.4652
CentroidConvex hull 471 - Level 2,59.6303,95.08178,249.4782
CentroidConvex hull 473 - Level 2,85.55518,82.63217,252.2862
CentroidConvex hull 474 - Level 2,71.83589,85.60649,252.174
CentroidConvex hull 478 - Level 2,95.24976,75.21367,252.2187
CentroidConvex hull 476 - Level 2,55.22935,76.00411,250.1048
CentroidConvex hull 472 - Level 2,67.97356,70.3321,252.4763
CentroidConvex hull 477 - Level 2,82.03938,63.12227,253.4611
CentroidConvex hull 470 - Level 2,94.98478,58.71946,252.8498
CentroidConvex hull 49 - Level 1,18.59421,59.02469,182.384
CentroidConvex hull 505 - Level 2,-16.40712,72.5856,218.3161
CentroidConvex hull 501 - Level 2,-5.405289,66.62609,226.758
CentroidConvex hull 508 - Level 2,13.74681,55.67539,237.1364
CentroidConvex hull 503 - Level 2,7.567688,60.45805,234.0843
CentroidConvex hull 509 - Level 2,-19.4482,61.23814,218.0187
CentroidConvex hull 507 - Level 2,-7.846313,52.18225,226.3642
CentroidConvex hull 502 - Level 2,-24.18578,52.09082,213.8676
CentroidConvex hull 500 - Level 2,3.731705,43.8904,230.7803
CentroidConvex hull 504 - Level 2,-14.79216,39.51543,219.4197
CentroidConvex hull 506 - Level 2,-2.570053,34.87624,225.4642
CentroidConvex hull 47 - Level 1,-18.61517,52.45088,144.207
CentroidConvex hull 482 - Level 2,-66.38962,67.08834,161.7022
CentroidConvex hull 486 - Level 2,-61.77078,63.55947,171.1023
CentroidConvex hull 487 - Level 2,-53.62746,57.83486,182.393
CentroidConvex hull 480 - Level 2,-50.62061,47.16018,185.1958
CentroidConvex hull 483 - Level 2,-61.7995,49.70314,171.7185
CentroidConvex hull 488 - Level 2,-68.15872,51.76244,161.7063
CentroidConvex hull 485 - Level 2,-57.29938,36.44189,174.1969
CentroidConvex hull 481 - Level 2,-63.91861,35.36077,163.7923
CentroidConvex hull 489 - Level 2,-68.62128,35.67933,155.7225
CentroidConvex hull 484 - Level 2,-63.83379,24.41716,158.535
CentroidConvex hull 42 - Level 1,58.32308,40.21031,194.7962
CentroidConvex hull 439 - Level 2,41.09267,46.78616,245.9026
CentroidConvex hull 431 - Level 2,54.27289,38.42923,246.737
CentroidConvex hull 434 - Level 2,71.34271,37.10255,248.2369
CentroidConvex hull 433 - Level 2,36.28128,33.65994,241.7383
CentroidConvex hull 437 - Level 2,72.62244,27.0437,245.5648
CentroidConvex hull 432 - Level 2,58.15863,24.29319,243.1196
CentroidConvex hull 435 - Level 2,42.47339,20.34472,239.4016
CentroidConvex hull 438 - Level 2,30.56419,19.89153,235.2627
CentroidConvex hull 436 - Level 2,54.69336,11.72192,238.3809
CentroidConvex hull 430 - Level 2,43.5144,5.567215,232.9663
CentroidConvex hull 41 - Level 1,-0.7224731,28.22543,157.3512
CentroidConvex hull 426 - Level 2,-37.34913,25.54566,194.5533
CentroidConvex hull 424 - Level 2,-29.06781,22.40469,201.6973
CentroidConvex hull 420 - Level 2,-44.59497,14.244,181.1702
CentroidConvex hull 422 - Level 2,-24.13942,11.70531,200.9848
CentroidConvex hull 425 - Level 2,-34.06091,11.72027,192.1038
CentroidConvex hull 423 - Level 2,-45.01886,3.959534,174.0518
CentroidConvex hull 428 - Level 2,-51.11839,7.054993,167.3765
CentroidConvex hull 427 - Level 2,-23.87232,2.418335,195.6507
CentroidConvex hull 429 - Level 2,-26.59299,-2.787811,190.3958
CentroidConvex hull 421 - Level 2,-32.74649,-5.174149,182.0614
CentroidConvex hull 48 - Level 1,29.58796,12.76977,172.2358
CentroidConvex hull 492 - Level 2,7.247009,5.923882,219.7823
CentroidConvex hull 499 - Level 2,-5.444412,1.787354,210.6702
CentroidConvex hull 495 - Level 2,5.002464,-4.767128,213.1176
CentroidConvex hull 496 - Level 2,17.63763,-6.07962,218.3374
CentroidConvex hull 498 - Level 2,28.94331,-11.94828,218.8058
CentroidConvex hull 497 - Level 2,-5.728638,-11.62765,202.8591
CentroidConvex hull 491 - Level 2,19.91427,-17.93681,211.6857
CentroidConvex hull 490 - Level 2,4.527466,-17.25426,205.3669
CentroidConvex hull 494 - Level 2,-5.97084,-24.26859,193.4434
CentroidConvex hull 493 - Level 2,9.250854,-28.04001,200.4701
CentroidConvex hull 5 - Level 0,13.47884,88.57291,73.58041
CentroidConvex hull 61 - Level 1,-27.23722,141.3787,56.83562
CentroidConvex hull 624 - Level 2,-59.00195,181.4386,58.09076
CentroidConvex hull 625 - Level 2,-53.06516,185.5894,43.6908
CentroidConvex hull 621 - Level 2,-64.33209,175.011,44.61468
CentroidConvex hull 622 - Level 2,-68.97256,168.996,60.84238
CentroidConvex hull 626 - Level 2,-72.83456,164.9286,45.81204
CentroidConvex hull 623 - Level 2,-71.11232,164.6596,35.78148
CentroidConvex hull 628 - Level 2,-76.64531,158.5834,60.34753
CentroidConvex hull 620 - Level 2,-80.88904,152.0685,50.61253
CentroidConvex hull 629 - Level 2,-77.98755,153.2785,35.84016
CentroidConvex hull 627 - Level 2,-82.9559,144.7331,38.13919
CentroidConvex hull 69 - Level 1,-22.59387,142.4178,96.83801
CentroidConvex hull 705 - Level 2,-58.77328,177.125,106.1632
CentroidConvex hull 709 - Level 2,-58.71094,180.4518,98.0899
CentroidConvex hull 700 - Level 2,-61.60435,178.482,86.12558
CentroidConvex hull 704 - Level 2,-56.75162,172.8379,118.5265
CentroidConvex hull 708 - Level 2,-64.42743,164.2095,113.6432
CentroidConvex hull 702 - Level 2,-64.89203,168.3549,104.3191
CentroidConvex hull 706 - Level 2,-67.82924,168.4723,96.13509
CentroidConvex hull 703 - Level 2,-74.29303,160.8408,88.98958
CentroidConvex hull 701 - Level 2,-73.28323,156.7783,100.7057
CentroidConvex hull 707 - Level 2,-74.41592,150.5952,106.4139
CentroidConvex hull 68 - Level 1,-17.31566,142.0366,26.2215
CentroidConvex hull 694 - Level 2,-47.24915,182.8982,18.39102
CentroidConvex hull 697 - Level 2,-41.98476,182.2286,5.795624
CentroidConvex hull 693 - Level 2,-41.48795,178.1522,-3.578278
CentroidConvex hull 699 - Level 2,-54.71017,176.6313,19.82606
CentroidConvex hull 691 - Level 2,-52.05014,173.2168,7.893234
CentroidConvex hull 698 - Level 2,-62.02896,163.5452,10.87866
CentroidConvex hull 690 - Level 2,-52.73924,165.4054,-4.785492
CentroidConvex hull 692 - Level 2,-70.08527,152.6102,13.6593
CentroidConvex hull 696 - Level 2,-63.38541,152.8434,-0.6018372
CentroidConvex hull 695 - Level 2,-57.005,151.9651,-12.04712
CentroidConvex hull 64 - Level 1,-23.80827,119.9434,122.5836
CentroidConvex hull 653 - Level 2,-57.46463,157.0843,140.9594
CentroidConvex hull 650 - Level 2,-61.17798,142.498,147.6516
CentroidConvex hull 657 - Level 2,-66.66202,147.3917,133.659
CentroidConvex hull 654 - Level 2,-73.50742,141.3843,124.503
CentroidConvex hull 651 - Level 2,-70.28818,135.4529,136.9995
CentroidConvex hull 655 - Level 2,-65.76563,129.0303,149.4262
CentroidConvex hull 656 - Level 2,-77.45688,130.3718,125.834
CentroidConvex hull 659 - Level 2,-73.50056,121.3785,138.7729
CentroidConvex hull 652 - Level 2,-69.07416,115.6898,149.6566
CentroidConvex hull 658 - Level 2,-79.29285,120.7049,127.0995
CentroidConvex hull 62 - Level 1,-42.13779,107.4147,82.92933
CentroidConvex hull 634 - Level 2,-86.3521,138.4439,75.89484
CentroidConvex hull 630 - Level 2,-84.5961,131.2333,95.21456
CentroidConvex hull 639 - Level 2,-87.53369,129.2636,86.24428
CentroidConvex hull 631 - Level 2,-91.26904,126.5983,76.38027
CentroidConvex hull 637 - Level 2,-93.26602,124.1982,66.47176
CentroidConvex hull 636 - Level 2,-92.05307,127.5377,59.17346
CentroidConvex hull 633 - Level 2,-87.60907,115.6429,101.7022
CentroidConvex hull 638 - Level 2,-90.16266,116.7413,90.9902
CentroidConvex hull 635 - Level 2,-94.54031,113.8396,75.96277
CentroidConvex hull 632 - Level 2,-93.7986,103.2859,86.10984
CentroidConvex hull 65 - Level 1,-34.97221,98.08379,21.15721
CentroidConvex hull 667 - Level 2,-83.3981,124.5573,15.40715
CentroidConvex hull 669 - Level 2,-74.48245,127.4677,-0.9729156
CentroidConvex hull 664 - Level 2,-69.30438,122.1369,-12.99669
CentroidConvex hull 662 - Level 2,-78.06674,118.4794,-2.152924
CentroidConvex hull 661 - Level 2,-86.46661,111.2501,11.41447
CentroidConvex hull 668 - Level 2,-81.06155,110.0464,-0.9536896
CentroidConvex hull 660 - Level 2,-73.46017,101.2956,-13.31921
CentroidConvex hull 665 - Level 2,-83.97812,98.56606,2.020035
CentroidConvex hull 663 - Level 2,-82.2915,87.01049,-0.2477264
CentroidConvex hull 666 - Level 2,-75.51276,84.01935,-10.06056
CentroidConvex hull 66 - Level 1,-47.17644,84.20028,57.14864
CentroidConvex hull 678 - Level 2,-94.76248,108.2341,38.45972
CentroidConvex hull 672 - Level 2,-96.41487,105.5619,48.95119
CentroidConvex hull 675 - Level 2,-97.00287,95.06325,57.87247
CentroidConvex hull 677 - Level 2,-97.31049,91.92775,46.18029
CentroidConvex hull 670 - Level 2,-95.00392,92.00916,31.31083
CentroidConvex hull 676 - Level 2,-96.65154,84.9239,68.12979
CentroidConvex hull 671 - Level 2,-97.14645,77.94473,57.2427
CentroidConvex hull 679 - Level 2,-95.78583,72.6836,43.14474
CentroidConvex hull 673 - Level 2,-93.8965,79.80984,30.69175
CentroidConvex hull 674 - Level 2,-96.20216,65.98393,56.85199
CentroidConvex hull 67 - Level 1,-35.14148,72.96675,115.8429
CentroidConvex hull 685 - Level 2,-79.29974,87.7904,137.8984
CentroidConvex hull 680 - Level 2,-86.09805,89.10667,122.4967
CentroidConvex hull 686 - Level 2,-90.72903,85.08151,110.6709
CentroidConvex hull 682 - Level 2,-81.72794,75.44287,131.2254
CentroidConvex hull 688 - Level 2,-77.7574,68.81277,140.4348
CentroidConvex hull 683 - Level 2,-87.15073,69.24183,120.1501
CentroidConvex hull 689 - Level 2,-91.57231,74.7487,107.9714
CentroidConvex hull 681 - Level 2,-84.47365,57.84853,127.3937
CentroidConvex hull 687 - Level 2,-79.55353,54.00549,137.1688
CentroidConvex hull 684 - Level 2,-77.80008,42.19558,137.2758
CentroidConvex hull 63 - Level 1,-40.933,47.52882,89.53101
CentroidConvex hull 647 - Level 2,-94.0354,57.58374,90.70442
CentroidConvex hull 649 - Level 2,-90.39027,47.75628,101.5721
CentroidConvex hull 641 - Level 2,-95.6004,47.7748,76.47314
CentroidConvex hull 643 - Level 2,-93.15936,43.78777,87.83337
CentroidConvex hull 645 - Level 2,-85.64252,38.41552,111.2019
CentroidConvex hull 648 - Level 2,-94.07697,37.02288,73.5421
CentroidConvex hull 640 - Level 2,-86.18469,28.93618,102.1585
CentroidConvex hull 646 - Level 2,-89.71616,29.06499,87.51282
CentroidConvex hull 644 - Level 2,-80.27654,25.68426,116.3041
CentroidConvex hull 642 - Level 2,-89.86636,24.15804,71.92773
CentroidConvex hull 60 - Level 1,-38.13184,49.96187,34.26249
CentroidConvex hull 619 - Level 2,-88.71304,58.26467,17.15868
CentroidConvex hull 612 - Level 2,-81.18681,56.76595,1.632919
CentroidConvex hull 611 - Level 2,-91.81506,44.75216,33.46746
CentroidConvex hull 615 - Level 2,-87.39493,45.49982,16.41448
CentroidConvex hull 616 - Level 2,-76.89081,44.03819,-2.302628
CentroidConvex hull 617 - Level 2,-90.64957,38.24639,43.46316
CentroidConvex hull 618 - Level 2,-88.09521,33.78558,27.8645
CentroidConvex hull 614 - Level 2,-82.87988,28.52796,16.80228
CentroidConvex hull 610 - Level 2,-75.52158,28.23519,2.695984
CentroidConvex hull 613 - Level 2,-86.1871,25.80003,35.84587
CentroidConvex hull 7 - Level 0,166.9456,66.97598,95.18155
CentroidConvex hull 82 - Level 1,213.3946,128.391,106.4891
CentroidConvex hull 830 - Level 2,247.8388,163.5088,103.9629
CentroidConvex hull 837 - Level 2,253.993,160.693,91.14247
CentroidConvex hull 839 - Level 2,257.3668,154.365,106.2438
CentroidConvex hull 833 - Level 2,254.6553,152.6351,120.5325
CentroidConvex hull 835 - Level 2,261.412,152.3437,98.62561
CentroidConvex hull 831 - Level 2,254.892,145.4604,133.7074
CentroidConvex hull 832 - Level 2,266.8209,140.8318,111.5945
CentroidConvex hull 836 - Level 2,264.8947,136.3048,128.5277
CentroidConvex hull 838 - Level 2,255.3316,137.8047,143.2585
CentroidConvex hull 834 - Level 2,271.9161,129.7117,117.7778
CentroidConvex hull 88 - Level 1,225.5242,111.5779,81.1306
CentroidConvex hull 891 - Level 2,261.2397,146.7719,67.55079
CentroidConvex hull 895 - Level 2,267.6511,141.1627,75.71839
CentroidConvex hull 899 - Level 2,269.9544,137.531,89.45665
CentroidConvex hull 894 - Level 2,270.0115,128.5274,63.2561
CentroidConvex hull 890 - Level 2,274.6785,127.7952,83.77299
CentroidConvex hull 898 - Level 2,275.7063,123.7564,74.91711
CentroidConvex hull 897 - Level 2,276.9205,122.5937,96.26868
CentroidConvex hull 892 - Level 2,278.7084,107.5803,72.53357
CentroidConvex hull 896 - Level 2,281.3314,112.0321,85.91396
CentroidConvex hull 893 - Level 2,281.116,110.0838,98.80802
CentroidConvex hull 81 - Level 1,216.921,93.80246,50.36858
CentroidConvex hull 827 - Level 2,260.5593,129.5422,43.30408
CentroidConvex hull 820 - Level 2,255.6282,111.7279,30.2347
CentroidConvex hull 822 - Level 2,264.9398,119.1653,43.08004
CentroidConvex hull 825 - Level 2,269.9242,110.598,46.06819
CentroidConvex hull 828 - Level 2,260.6421,103.4093,31.50437
CentroidConvex hull 824 - Level 2,251.9747,96.2428,23.78029
CentroidConvex hull 821 - Level 2,267.4569,93.43809,36.89407
CentroidConvex hull 826 - Level 2,275.6593,97.60945,50.21039
CentroidConvex hull 829 - Level 2,259.8591,90.90388,29.24108
CentroidConvex hull 823 - Level 2,272.7634,84.80579,44.0263
CentroidConvex hull 85 - Level 1,220.6881,86.62019,134.3963
CentroidConvex hull 869 - Level 2,268.0933,112.2645,142.6086
CentroidConvex hull 867 - Level 2,259.3144,108.9392,160.0697
CentroidConvex hull 864 - Level 2,277.963,98.11163,129.3665
CentroidConvex hull 861 - Level 2,270.8261,102.3748,144.17
CentroidConvex hull 863 - Level 2,252.2079,98.99558,173.0547
CentroidConvex hull 865 - Level 2,268.4292,93.81839,153.8954
CentroidConvex hull 860 - Level 2,259.8333,87.97079,167.9341
CentroidConvex hull 866 - Level 2,276.6446,83.87742,136.2977
CentroidConvex hull 868 - Level 2,266.3851,75.83553,158.4268
CentroidConvex hull 862 - Level 2,274.1688,70.08073,144.2812
CentroidConvex hull 86 - Level 1,232.6693,59.57448,85.8938
CentroidConvex hull 876 - Level 2,284.646,78.3139,88.95382
CentroidConvex hull 875 - Level 2,280.9049,69.7781,70.78323
CentroidConvex hull 871 - Level 2,284.8251,67.8402,98.32719
CentroidConvex hull 870 - Level 2,278.2368,55.69519,65.18739
CentroidConvex hull 874 - Level 2,282.0874,56.88343,74.84852
CentroidConvex hull 877 - Level 2,285.0502,52.88085,88.60495
CentroidConvex hull 873 - Level 2,283.7683,54.1508,109.1266
CentroidConvex hull 878 - Level 2,280.6671,42.05991,73.16662
CentroidConvex hull 879 - Level 2,282.8566,41.2678,103.2978
CentroidConvex hull 872 - Level 2,281.7452,33.93139,90.04862
CentroidConvex hull 87 - Level 1,199.9137,49.5004,158.9116
CentroidConvex hull 886 - Level 2,243.6147,71.00857,188.8724
CentroidConvex hull 887 - Level 2,249.892,61.02716,183.5519
CentroidConvex hull 885 - Level 2,239.5833,62.58601,194.3257
CentroidConvex hull 884 - Level 2,256.4138,45.15722,172.3942
CentroidConvex hull 881 - Level 2,245.5497,50.10958,187.4047
CentroidConvex hull 888 - Level 2,233.7781,49.71449,197.8233
CentroidConvex hull 880 - Level 2,246.1674,34.53886,181.1382
CentroidConvex hull 882 - Level 2,231.5909,36.57326,194.7904
CentroidConvex hull 883 - Level 2,237.6299,23.06385,183.0041
CentroidConvex hull 889 - Level 2,234.7038,12.18364,178.5694
CentroidConvex hull 89 - Level 1,209.5312,55.51398,43.21547
CentroidConvex hull 902 - Level 2,245.0961,66.45061,15.16278
CentroidConvex hull 907 - Level 2,255.4599,65.60389,20.45659
CentroidConvex hull 906 - Level 2,264.4607,62.49445,30.15412
CentroidConvex hull 903 - Level 2,266.6647,54.33197,36.64714
CentroidConvex hull 909 - Level 2,243.1152,50.74111,18.51753
CentroidConvex hull 900 - Level 2,255.5497,51.3306,24.52922
CentroidConvex hull 908 - Level 2,257.4609,40.43163,28.20933
CentroidConvex hull 905 - Level 2,266.1596,41.06647,37.75486
CentroidConvex hull 904 - Level 2,247.3634,33.37109,23.10065
CentroidConvex hull 901 - Level 2,254.2111,28.01449,30.35507
CentroidConvex hull 80 - Level 1,216.6385,30.19167,124.0671
CentroidConvex hull 815 - Level 2,276.2723,34.20984,130.8379
CentroidConvex hull 819 - Level 2,272.0443,31.99086,138.4571
CentroidConvex hull 810 - Level 2,268.0756,32.46004,147.3301
CentroidConvex hull 814 - Level 2,259.51,18.89084,151.2534
CentroidConvex hull 817 - Level 2,273.1169,16.61753,118.9868
CentroidConvex hull 812 - Level 2,266.7106,14.04985,133.5304
CentroidConvex hull 813 - Level 2,250.1879,5.921608,152.4137
CentroidConvex hull 818 - Level 2,265.2599,4.649345,120.6146
CentroidConvex hull 811 - Level 2,254.1359,-0.5175095,137.6505
CentroidConvex hull 816 - Level 2,241.6709,-3.914719,152.6127
CentroidConvex hull 83 - Level 1,215.9458,18.8188,69.10181
CentroidConvex hull 845 - Level 2,266.0319,15.26903,54.08752
CentroidConvex hull 848 - Level 2,272.6366,13.81922,65.25233
CentroidConvex hull 843 - Level 2,269.9451,2.832634,82.29719
CentroidConvex hull 846 - Level 2,251.9186,6.113541,45.0197
CentroidConvex hull 841 - Level 2,267.3409,0.6830139,66.57681
CentroidConvex hull 840 - Level 2,251.5462,-1.286491,47.09039
CentroidConvex hull 849 - Level 2,259.5932,-7.490952,60.34919
CentroidConvex hull 842 - Level 2,260.7656,-12.85523,74.78951
CentroidConvex hull 847 - Level 2,249.1112,-14.77886,51.68157
CentroidConvex hull 844 - Level 2,249.4251,-21.93087,63.2305
CentroidConvex hull 84 - Level 1,199.0199,-4.992889,95.11719
CentroidConvex hull 858 - Level 2,257.312,-17.35052,102.3489
CentroidConvex hull 850 - Level 2,247.2645,-24.79556,112.2454
CentroidConvex hull 857 - Level 2,250.2207,-27.47083,96.54461
CentroidConvex hull 852 - Level 2,237.2797,-27.30841,126.6811
CentroidConvex hull 853 - Level 2,245.6078,-32.95075,84.91399
CentroidConvex hull 851 - Level 2,239.875,-37.21386,97.06187
CentroidConvex hull 856 - Level 2,236.4364,-36.25975,110.3885
CentroidConvex hull 859 - Level 2,237.0952,-38.72844,78.07635
CentroidConvex hull 854 - Level 2,231.6396,-42.14448,83.42168
CentroidConvex hull 855 - Level 2,228.0245,-44.46041,99.12251
CentroidConvex hull 0 - Level 0,111.7036,27.11857,48.70424
CentroidConvex hull 11 - Level 1,113.9371,46.34907,-13.70673
CentroidConvex hull 127 - Level 2,124.8406,53.29365,-65.06358
CentroidConvex hull 126 - Level 2,136.4786,50.42069,-52.83833
CentroidConvex hull 129 - Level 2,114.7014,41.23746,-69.33214
CentroidConvex hull 123 - Level 2,130.3816,40.82856,-57.44649
CentroidConvex hull 122 - Level 2,121.9341,32.8135,-61.41736
CentroidConvex hull 120 - Level 2,142.4673,33.74986,-54.35643
CentroidConvex hull 121 - Level 2,105.0576,27.38567,-67.25026
CentroidConvex hull 125 - Level 2,111.5304,19.66322,-60.3479
CentroidConvex hull 128 - Level 2,137.1804,22.11981,-60.61104
CentroidConvex hull 124 - Level 2,123.321,15.22757,-60.98146
CentroidConvex hull 19 - Level 1,157.5552,53.95381,13.28603
CentroidConvex hull 208 - Level 2,169.3694,54.3746,-31.95735
CentroidConvex hull 200 - Level 2,183.3506,48.1309,-24.10411
CentroidConvex hull 204 - Level 2,190.9935,49.11185,-16.71347
CentroidConvex hull 209 - Level 2,200.2129,53.41074,-7.531143
CentroidConvex hull 205 - Level 2,215.5616,45.80152,-4.603241
CentroidConvex hull 201 - Level 2,204.8357,46.30864,-5.989349
CentroidConvex hull 203 - Level 2,171.8067,44.19515,-32.43507
CentroidConvex hull 207 - Level 2,203.6279,38.89241,-11.83641
CentroidConvex hull 206 - Level 2,180.4234,34.56771,-33.38906
CentroidConvex hull 202 - Level 2,198.4591,33.0661,-24.47563
CentroidConvex hull 12 - Level 1,179.5121,18.01466,25.00139
CentroidConvex hull 139 - Level 2,224.8543,19.4093,9.992401
CentroidConvex hull 134 - Level 2,215.1557,15.16278,-1.170013
CentroidConvex hull 138 - Level 2,207.7974,5.90477,-16.07976
CentroidConvex hull 131 - Level 2,216.3888,2.495148,-5.078094
CentroidConvex hull 132 - Level 2,226.4577,0.0542984,9.469131
CentroidConvex hull 136 - Level 2,233.0972,-11.74788,20.79493
CentroidConvex hull 135 - Level 2,205.1367,-14.44845,-14.11454
CentroidConvex hull 130 - Level 2,218.0385,-11.12713,-2.686356
CentroidConvex hull 137 - Level 2,221.1939,-19.26113,12.85183
CentroidConvex hull 133 - Level 2,209.892,-24.5098,2.641205
CentroidConvex hull 15 - Level 1,139.5304,15.50175,-5.856529
CentroidConvex hull 166 - Level 2,161.2935,11.46104,-46.42458
CentroidConvex hull 160 - Level 2,180.4195,8.355751,-38.78782
CentroidConvex hull 168 - Level 2,163.6387,3.77684,-47.37187
CentroidConvex hull 164 - Level 2,144.907,-4.084969,-51.27197
CentroidConvex hull 165 - Level 2,180.9525,-4.643341,-39.04967
CentroidConvex hull 162 - Level 2,159.5424,-9.997566,-46.4113
CentroidConvex hull 163 - Level 2,176.3616,-18.83892,-36.82585
CentroidConvex hull 169 - Level 2,138.6426,-22.06956,-45.99579
CentroidConvex hull 167 - Level 2,163.4242,-23.48356,-41.24891
CentroidConvex hull 161 - Level 2,147.7851,-26.62103,-43.56277
CentroidConvex hull 16 - Level 1,81.58672,5.202629,-5.531021
CentroidConvex hull 179 - Level 2,74.90261,-5.979866,-61.09558
CentroidConvex hull 173 - Level 2,79.72732,-9.561882,-50.97929
CentroidConvex hull 178 - Level 2,90.74077,-12.74281,-46.35033
CentroidConvex hull 175 - Level 2,104.7073,-19.32327,-50.48871
CentroidConvex hull 177 - Level 2,54.78016,-28.72155,-52.16307
CentroidConvex hull 170 - Level 2,63.21541,-24.68657,-47.39041
CentroidConvex hull 171 - Level 2,90.98711,-25.45959,-41.47548
CentroidConvex hull 172 - Level 2,76.84686,-31.05227,-34.04946
CentroidConvex hull 176 - Level 2,98.24206,-33.59634,-39.533
CentroidConvex hull 174 - Level 2,61.12412,-36.82441,-30.07274
CentroidConvex hull 14 - Level 1,175.4493,-14.93661,57.95806
CentroidConvex hull 159 - Level 2,227.4913,-38.41325,45.17477
CentroidConvex hull 150 - Level 2,216.1059,-40.41723,39.67334
CentroidConvex hull 152 - Level 2,203.2731,-47.16061,31.66159
CentroidConvex hull 153 - Level 2,219.7944,-47.99195,56.85038
CentroidConvex hull 155 - Level 2,207.3739,-49.06747,47.55748
CentroidConvex hull 156 - Level 2,215.962,-53.70722,72.39462
CentroidConvex hull 151 - Level 2,207.1154,-54.06324,60.83544
CentroidConvex hull 158 - Level 2,194.5159,-56.74656,39.1726
CentroidConvex hull 154 - Level 2,198.5379,-60.45548,73.08823
CentroidConvex hull 157 - Level 2,195.0425,-59.58241,57.25571
CentroidConvex hull 18 - Level 1,137.8407,-20.19313,17.96162
CentroidConvex hull 197 - Level 2,163.2813,-49.40184,-19.34299
CentroidConvex hull 192 - Level 2,175.9561,-48.00808,-10.55464
CentroidConvex hull 195 - Level 2,144.7112,-47.7649,-26.44855
CentroidConvex hull 198 - Level 2,178.6946,-54.98455,4.977783
CentroidConvex hull 191 - Level 2,141.7394,-57.25037,-18.65325
CentroidConvex hull 193 - Level 2,157.0352,-58.48186,-11.51756
CentroidConvex hull 190 - Level 2,166.6812,-62.62074,4.378998
CentroidConvex hull 196 - Level 2,142.3322,-67.10999,-5.791542
CentroidConvex hull 199 - Level 2,157.522,-66.14841,1.540703
CentroidConvex hull 194 - Level 2,147.6345,-72.19512,7.169243
CentroidConvex hull 13 - Level 1,91.06514,-24.81057,16.1788
CentroidConvex hull 148 - Level 2,109.1215,-52.05656,-26.25926
CentroidConvex hull 146 - Level 2,86.88547,-54.46058,-16.3
CentroidConvex hull 143 - Level 2,97.83148,-61.87672,-16.99838
CentroidConvex hull 140 - Level 2,106.7315,-61.96525,-19.90172
CentroidConvex hull 141 - Level 2,68.58414,-58.96528,-9.413513
CentroidConvex hull 149 - Level 2,110.984,-69.68223,-14.10262
CentroidConvex hull 145 - Level 2,82.03444,-64.54346,-10.64737
CentroidConvex hull 147 - Level 2,96.10528,-73.81617,-7.951172
CentroidConvex hull 144 - Level 2,105.4958,-76.7255,-5.320877
CentroidConvex hull 142 - Level 2,81.96081,-77.46563,-1.611099
CentroidConvex hull 10 - Level 1,137.372,-35.36353,57.17787
CentroidConvex hull 114 - Level 2,167.7417,-73.6319,35.15227
CentroidConvex hull 110 - Level 2,167.6341,-75.05344,46.55285
CentroidConvex hull 113 - Level 2,170.7273,-74.82714,59.88861
CentroidConvex hull 117 - Level 2,169.7138,-76.6186,71.04863
CentroidConvex hull 112 - Level 2,152.3406,-81.28208,34.98973
CentroidConvex hull 119 - Level 2,159.2854,-79.70609,52.46793
CentroidConvex hull 115 - Level 2,148.0177,-84.23977,46.40546
CentroidConvex hull 111 - Level 2,153.1021,-82.49833,65.06226
CentroidConvex hull 118 - Level 2,142.8522,-85.84422,62.73668
CentroidConvex hull 116 - Level 2,135.0102,-88.17402,71.2336
CentroidConvex hull 17 - Level 1,102.4486,-44.64034,49.55403
CentroidConvex hull 185 - Level 2,119.1299,-85.12424,17.04253
CentroidConvex hull 181 - Level 2,106.0564,-89.07581,18.74652
CentroidConvex hull 189 - Level 2,121.9352,-87.91309,25.21053
CentroidConvex hull 182 - Level 2,122.4528,-91.24604,37.42228
CentroidConvex hull 183 - Level 2,92.83659,-93.81077,29.04616
CentroidConvex hull 184 - Level 2,107.9089,-93.83091,33.22628
CentroidConvex hull 186 - Level 2,116.7067,-93.57273,49.74989
CentroidConvex hull 187 - Level 2,114.2589,-92.97047,61.93949
CentroidConvex hull 188 - Level 2,100.3861,-96.22079,45.77569
CentroidConvex hull 180 - Level 2,104.9187,-94.82899,58.29836
CentroidConvex hull 9 - Level 0,107.8777,29.47718,125.5533
CentroidConvex hull 103 - Level 1,124.689,38.01073,194.281
CentroidConvex hull 1049 - Level 2,152.7323,35.54602,239.452
CentroidConvex hull 1040 - Level 2,138.1118,36.32875,244.3393
CentroidConvex hull 1043 - Level 2,124.4093,35.38065,246.3244
CentroidConvex hull 1044 - Level 2,155.9815,23.59792,235.4913
CentroidConvex hull 1047 - Level 2,115.3222,24.13791,243.6504
CentroidConvex hull 1046 - Level 2,141.6264,20.18595,239.3417
CentroidConvex hull 1041 - Level 2,125.4654,18.03437,241.3005
CentroidConvex hull 1042 - Level 2,149.8489,6.125526,230.4813
CentroidConvex hull 1048 - Level 2,140.9547,7.179985,234.6075
CentroidConvex hull 1045 - Level 2,129.1698,5.855835,236.021
CentroidConvex hull 106 - Level 1,163.1617,33.04016,178.1864
CentroidConvex hull 1071 - Level 2,206.5019,27.53265,213.2469
CentroidConvex hull 1078 - Level 2,195.343,32.23563,220.5388
CentroidConvex hull 1072 - Level 2,182.1505,28.43328,225.3436
CentroidConvex hull 1076 - Level 2,211.1589,17.53291,205.8875
CentroidConvex hull 1077 - Level 2,192.628,15.17314,215.6131
CentroidConvex hull 1073 - Level 2,204.6466,8.73275,205.0198
CentroidConvex hull 1074 - Level 2,178.9655,13.19484,221.2261
CentroidConvex hull 1070 - Level 2,188.5852,3.067711,211.0733
CentroidConvex hull 1075 - Level 2,175.0616,2.302132,216.1376
CentroidConvex hull 1079 - Level 2,180.4668,-4.108261,211.0873
CentroidConvex hull 107 - Level 1,83.87115,10.70228,185.1085
CentroidConvex hull 1088 - Level 2,92.17204,4.133553,238.4495
CentroidConvex hull 1081 - Level 2,88.23707,-4.295074,234.5707
CentroidConvex hull 1083 - Level 2,77.7363,-6.483482,232.8706
CentroidConvex hull 1084 - Level 2,98.1076,-6.702927,233.1687
CentroidConvex hull 1089 - Level 2,101.5099,-14.97782,228.9277
CentroidConvex hull 1080 - Level 2,65.82999,-12.77322,227.9018
CentroidConvex hull 1087 - Level 2,86.83536,-18.61027,226.5331
CentroidConvex hull 1086 - Level 2,66.24837,-23.65183,221.6684
CentroidConvex hull 1082 - Level 2,92.80247,-29.26905,218.8231
CentroidConvex hull 1085 - Level 2,79.35476,-29.30222,218.6589
CentroidConvex hull 101 - Level 1,169.9656,3.711586,153.6734
CentroidConvex hull 1028 - Level 2,220.2504,-5.343346,184.1607
CentroidConvex hull 1022 - Level 2,210.4972,-14.53029,184.3074
CentroidConvex hull 1025 - Level 2,220.2614,-17.61568,173.0307
CentroidConvex hull 1024 - Level 2,195.0023,-16.25921,193.6517
CentroidConvex hull 1027 - Level 2,197.7912,-24.69071,183.7243
CentroidConvex hull 1026 - Level 2,217.5337,-26.97381,162.6709
CentroidConvex hull 1020 - Level 2,207.3785,-29.14698,170.0491
CentroidConvex hull 1021 - Level 2,182.9012,-27.25695,191.0533
CentroidConvex hull 1023 - Level 2,195.4584,-37.35777,169.3115
CentroidConvex hull 1029 - Level 2,185.3052,-36.18813,179.7244
CentroidConvex hull 105 - Level 1,121.4334,-4.73336,170.4305
CentroidConvex hull 1064 - Level 2,149.3132,-23.65137,213.8009
CentroidConvex hull 1068 - Level 2,129.8019,-23.50748,219.2166
CentroidConvex hull 1069 - Level 2,155.3188,-33.51281,202.0194
CentroidConvex hull 1061 - Level 2,132.7674,-32.00199,212.6233
CentroidConvex hull 1063 - Level 2,144.9627,-35.69248,206.1869
CentroidConvex hull 1066 - Level 2,120.5498,-36.69163,210.0949
CentroidConvex hull 1060 - Level 2,149.1084,-43.40202,196.3092
CentroidConvex hull 1067 - Level 2,132.3774,-45.26824,199.8165
CentroidConvex hull 1065 - Level 2,112.7371,-47.48797,200.6004
CentroidConvex hull 1062 - Level 2,121.0765,-52.68287,193.1745
CentroidConvex hull 109 - Level 1,170.717,-19.49339,112.5493
CentroidConvex hull 1108 - Level 2,218.2334,-42.34398,135.7662
CentroidConvex hull 1107 - Level 2,216.2673,-49.69375,124.0678
CentroidConvex hull 1105 - Level 2,201.7089,-49.56634,142.9666
CentroidConvex hull 1101 - Level 2,208.2921,-51.58936,131.6819
CentroidConvex hull 1106 - Level 2,211.5406,-55.88853,111.4961
CentroidConvex hull 1103 - Level 2,200.9895,-58.98174,123.1566
CentroidConvex hull 1100 - Level 2,190.8778,-59.14448,137.209
CentroidConvex hull 1102 - Level 2,204.0254,-60.39231,105.2605
CentroidConvex hull 1109 - Level 2,194.3315,-63.5832,108.8576
CentroidConvex hull 1104 - Level 2,186.9489,-64.75124,123.5797
CentroidConvex hull 100 - Level 1,64.06276,-19.93084,156.9949
CentroidConvex hull 1012 - Level 2,46.42265,-41.33244,203.4959
CentroidConvex hull 1015 - Level 2,71.47095,-52.20713,197.3981
CentroidConvex hull 1016 - Level 2,53.79539,-51.77091,196.5621
CentroidConvex hull 1017 - Level 2,35.34436,-51.81974,191.6135
CentroidConvex hull 1011 - Level 2,62.46969,-59.75004,189.351
CentroidConvex hull 1010 - Level 2,36.36483,-61.00668,182.0073
CentroidConvex hull 1019 - Level 2,78.72911,-63.33167,184.5835
CentroidConvex hull 1018 - Level 2,52.7233,-64.5062,181.7225
CentroidConvex hull 1013 - Level 2,67.931,-68.72746,177.5694
CentroidConvex hull 1014 - Level 2,51.22877,-71.58335,169.9305
CentroidConvex hull 108 - Level 1,130.3223,-26.51073,137.5738
CentroidConvex hull 1098 - Level 2,160.5917,-58.5377,169.238
CentroidConvex hull 1092 - Level 2,168.5038,-62.16619,158.1497
CentroidConvex hull 1094 - Level 2,147.1875,-60.93414,174.2385
CentroidConvex hull 1095 - Level 2,137.6552,-63.90504,172.3379
CentroidConvex hull 1096 - Level 2,160.5727,-68.88546,149.3875
CentroidConvex hull 1090 - Level 2,147.2719,-67.50092,160.8444
CentroidConvex hull 1099 - Level 2,121.2976,-68.35448,170.115
CentroidConvex hull 1091 - Level 2,129.1633,-70.74723,162.9631
CentroidConvex hull 1093 - Level 2,149.7876,-73.47413,147.0774
CentroidConvex hull 1097 - Level 2,136.2262,-74.72294,151.4723
CentroidConvex hull 104 - Level 1,128.5087,-38.39414,99.24476
CentroidConvex hull 1051 - Level 2,166.0665,-78.78275,105.9245
CentroidConvex hull 1055 - Level 2,159.904,-79.19787,118.1782
CentroidConvex hull 1057 - Level 2,158.8358,-81.29963,97.29427
CentroidConvex hull 1053 - Level 2,147.476,-84.08161,108.6327
CentroidConvex hull 1059 - Level 2,145.735,-82.5388,120.3934
CentroidConvex hull 1052 - Level 2,134.1828,-85.88459,118.2355
CentroidConvex hull 1054 - Level 2,144.8666,-86.15044,96.12523
CentroidConvex hull 1050 - Level 2,131.9561,-88.99967,104.5206
CentroidConvex hull 1058 - Level 2,134.7073,-89.28223,93.42129
CentroidConvex hull 1056 - Level 2,121.0222,-91.79975,94.45872
CentroidConvex hull 102 - Level 1,88.7805,-40.15392,119.7284
CentroidConvex hull 1036 - Level 2,91.77846,-81.17873,154.4882
CentroidConvex hull 1033 - Level 2,72.56921,-84.25814,147.485
CentroidConvex hull 1032 - Level 2,101.0433,-84.5984,143.8417
CentroidConvex hull 1034 - Level 2,110.2247,-86.52602,134.7453
CentroidConvex hull 1039 - Level 2,82.21967,-88.29781,135.544
CentroidConvex hull 1031 - Level 2,70.30531,-88.88371,134.743
CentroidConvex hull 1037 - Level 2,91.28873,-89.39228,130.8991
CentroidConvex hull 1038 - Level 2,103.0463,-90.34245,123.5509
CentroidConvex hull 1030 - Level 2,90.3192,-92.55552,118.1637
CentroidConvex hull 1035 - Level 2,94.53638,-94.14478,102.9841
CentroidConvex hull 4 - Level 0,44.80251,20.41027,81.03731
CentroidConvex hull 55 - Level 1,-21.46122,14.27013,111.68
CentroidConvex hull 561 - Level 2,-65.70999,1.070641,134.3282
CentroidConvex hull 567 - Level 2,-71.42184,1.506073,121.8156
CentroidConvex hull 562 - Level 2,-74.77145,-0.1269073,105.3459
CentroidConvex hull 563 - Level 2,-54.81027,-10.01777,143.8344
CentroidConvex hull 565 - Level 2,-66.45529,-9.997383,119.6532
CentroidConvex hull 564 - Level 2,-68.11209,-12.99558,104.4316
CentroidConvex hull 568 - Level 2,-57.60956,-16.77575,130.5336
CentroidConvex hull 569 - Level 2,-60.48474,-22.06263,112.4957
CentroidConvex hull 566 - Level 2,-50.67395,-25.4139,131.8796
CentroidConvex hull 560 - Level 2,-54.16989,-25.68682,122.0763
CentroidConvex hull 59 - Level 1,-25.15176,8.396202,61.98505
CentroidConvex hull 603 - Level 2,-77.04416,-3.351707,67.96629
CentroidConvex hull 600 - Level 2,-76.54922,-4.694595,51.31536
CentroidConvex hull 604 - Level 2,-75.14661,-2.157173,36.27914
CentroidConvex hull 608 - Level 2,-71.30032,-13.48116,62.16203
CentroidConvex hull 605 - Level 2,-69.36581,-13.70889,41.80564
CentroidConvex hull 602 - Level 2,-66.78099,-19.78635,72.30164
CentroidConvex hull 609 - Level 2,-64.85698,-23.49785,55.78128
CentroidConvex hull 601 - Level 2,-61.13385,-25.21682,42.80375
CentroidConvex hull 607 - Level 2,-59.79324,-28.85344,62.58339
CentroidConvex hull 606 - Level 2,-53.0097,-35.25066,50.00502
CentroidConvex hull 51 - Level 1,-12.48531,5.775269,26.69543
CentroidConvex hull 528 - Level 2,-61.53607,-6.540779,6.834213
CentroidConvex hull 520 - Level 2,-55.73456,-3.162636,-7.612518
CentroidConvex hull 523 - Level 2,-59.04314,-15.19012,15.05814
CentroidConvex hull 522 - Level 2,-48.78627,-17.13321,-3.348633
CentroidConvex hull 525 - Level 2,-40.36597,-18.85518,-16.78648
CentroidConvex hull 524 - Level 2,-50.44345,-25.87412,15.1564
CentroidConvex hull 521 - Level 2,-42.24454,-29.43697,6.40303
CentroidConvex hull 529 - Level 2,-35.67821,-30.58059,-3.780212
CentroidConvex hull 527 - Level 2,-45.20148,-35.29784,24.65692
CentroidConvex hull 526 - Level 2,-34.25523,-38.11733,10.36864
CentroidConvex hull 52 - Level 1,15.63107,-13.64729,136.7973
CentroidConvex hull 538 - Level 2,-26.44707,-32.1105,164.9167
CentroidConvex hull 533 - Level 2,-29.97381,-36.34163,155.3284
CentroidConvex hull 531 - Level 2,-18.77887,-40.90006,164.5325
CentroidConvex hull 539 - Level 2,-7.695633,-44.79465,171.6201
CentroidConvex hull 535 - Level 2,-26.11168,-45.95056,145.9317
CentroidConvex hull 530 - Level 2,0.5289154,-48.09962,174.553
CentroidConvex hull 537 - Level 2,-13.96022,-50.9308,156.7834
CentroidConvex hull 536 - Level 2,6.088852,-57.47393,166.2747
CentroidConvex hull 532 - Level 2,-13.36913,-57.58241,142.5738
CentroidConvex hull 534 - Level 2,-0.4164124,-61.24619,155.146
CentroidConvex hull 57 - Level 1,25.44534,-11.36536,9.993835
CentroidConvex hull 584 - Level 2,-9.632797,-34.75704,-32.20787
CentroidConvex hull 581 - Level 2,-13.1566,-40.53497,-20.26285
CentroidConvex hull 587 - Level 2,6.695877,-39.55296,-34.18516
CentroidConvex hull 589 - Level 2,-4.797401,-43.33392,-21.87202
CentroidConvex hull 583 - Level 2,20.20522,-41.59765,-31.46141
CentroidConvex hull 586 - Level 2,-10.90622,-48.48037,-4.389236
CentroidConvex hull 580 - Level 2,6.069412,-46.70023,-20.7368
CentroidConvex hull 588 - Level 2,2.339989,-50.86909,-8.586838
CentroidConvex hull 585 - Level 2,19.15161,-48.4166,-15.0253
CentroidConvex hull 582 - Level 2,2.940262,-55.13767,-0.8557739
CentroidConvex hull 53 - Level 1,1.137627,-19.03558,89.77671
CentroidConvex hull 548 - Level 2,-48.86125,-42.89379,86.18982
CentroidConvex hull 540 - Level 2,-39.41926,-47.07624,108.4555
CentroidConvex hull 542 - Level 2,-45.49408,-44.59939,96.53131
CentroidConvex hull 544 - Level 2,-39.9805,-51.45567,75.73438
CentroidConvex hull 545 - Level 2,-30.17847,-54.84347,110.7488
CentroidConvex hull 549 - Level 2,-36.91029,-53.81144,89.61341
CentroidConvex hull 547 - Level 2,-26.63303,-60.23786,99.67155
CentroidConvex hull 541 - Level 2,-27.54797,-60.9892,84.12646
CentroidConvex hull 543 - Level 2,-17.64752,-65.34124,105.7752
CentroidConvex hull 546 - Level 2,-16.0204,-68.46871,91.76612
CentroidConvex hull 54 - Level 1,16.6996,-28.58903,59.14199
CentroidConvex hull 555 - Level 2,-29.50192,-58.22926,50.197
CentroidConvex hull 551 - Level 2,-24.24005,-58.08683,35.15049
CentroidConvex hull 558 - Level 2,-19.72356,-63.63001,43.10433
CentroidConvex hull 554 - Level 2,-7.466888,-64.96247,27.96232
CentroidConvex hull 550 - Level 2,-19.33764,-66.22152,56.6255
CentroidConvex hull 556 - Level 2,-8.270493,-70.98592,43.53392
CentroidConvex hull 559 - Level 2,-9.856544,-72.59794,62.38448
CentroidConvex hull 552 - Level 2,1.760101,-75.30795,40.39476
CentroidConvex hull 553 - Level 2,2.948425,-79.43349,66.35313
CentroidConvex hull 557 - Level 2,7.553818,-80.73331,53.20288
CentroidConvex hull 58 - Level 1,54.60302,-35.52549,37.65556
CentroidConvex hull 592 - Level 2,41.14374,-64.26328,1.564301
CentroidConvex hull 596 - Level 2,22.6137,-71.20017,13.03295
CentroidConvex hull 595 - Level 2,34.68546,-70.56178,7.204239
CentroidConvex hull 590 - Level 2,26.45136,-80.23914,24.13349
CentroidConvex hull 598 - Level 2,38.79707,-79.27308,15.57165
CentroidConvex hull 597 - Level 2,51.59244,-78.50863,9.801712
CentroidConvex hull 599 - Level 2,29.47968,-84.96214,33.57194
CentroidConvex hull 593 - Level 2,41.80372,-87.8498,31.93872
CentroidConvex hull 591 - Level 2,49.75386,-86.53303,20.15183
CentroidConvex hull 594 - Level 2,58.66173,-89.03666,22.40709
CentroidConvex hull 56 - Level 1,39.48917,-36.71984,111.1825
CentroidConvex hull 575 - Level 2,25.58649,-77.83901,142.607
CentroidConvex hull 574 - Level 2,11.86784,-76.45689,132.7418
CentroidConvex hull 572 - Level 2,6.984642,-78.5911,115.3472
CentroidConvex hull 571 - Level 2,26.06134,-82.92973,129.437
CentroidConvex hull 576 - Level 2,15.27495,-84.59763,100.9066
CentroidConvex hull 578 - Level 2,39.71989,-85.11645,130.1606
CentroidConvex hull 577 - Level 2,21.86481,-84.4621,115.2549
CentroidConvex hull 579 - Level 2,36.51537,-88.31327,113.9142
CentroidConvex hull 570 - Level 2,28.94242,-87.75182,105.6725
CentroidConvex hull 573 - Level 2,47.56071,-88.08857,119.5556
CentroidConvex hull 50 - Level 1,66.89967,-47.07926,76.00683
CentroidConvex hull 510 - Level 2,43.70609,-95.10157,74.8514
CentroidConvex hull 517 - Level 2,38.52422,-93.91071,63.91711
CentroidConvex hull 514 - Level 2,49.02663,-94.58009,87.48892
CentroidConvex hull 513 - Level 2,53.77879,-96.516,58.04002
CentroidConvex hull 512 - Level 2,67.66669,-97.43337,51.20438
CentroidConvex hull 515 - Level 2,65.11714,-95.90247,90.74126
CentroidConvex hull 518 - Level 2,62.59055,-97.70686,75.15714
CentroidConvex hull 516 - Level 2,69.52288,-98.5055,62.50699
CentroidConvex hull 511 - Level 2,76.03758,-96.55058,84.75974
CentroidConvex hull 519 - Level 2,79.71916,-97.76711,70.89782
